make,name,model URL,number for sale
audi,80,/used-cars/audi/80,1
audi,A1,/used-cars/audi/a1,229
audi,A1 Sportback,/used-cars/audi/a1-sportback,4
audi,A3,/used-cars/audi/a3,829
audi,A3 Saloon,/used-cars/audi/a3-saloon,23
audi,A3 Sportback,/used-cars/audi/a3-sportback,16
audi,A4,/used-cars/audi/a4,364
audi,A5,/used-cars/audi/a5,261
audi,A5 Sportback,/used-cars/audi/a5-sportback,10
audi,A6,/used-cars/audi/a6,574
audi,A7,/used-cars/audi/a7,80
audi,A8,/used-cars/audi/a8,23
audi,Allroad,/used-cars/audi/allroad,1
audi,e-tron,/used-cars/audi/e-tron,120
audi,e-tron GT quattro,/used-cars/audi/e-tron-gt-quattro,27
audi,Q2,/used-cars/audi/q2,192
audi,Q3,/used-cars/audi/q3,217
audi,Q4 e-tron,/used-cars/audi/q4-e-tron,115
audi,Q5,/used-cars/audi/q5,212
audi,Q6 E-TRON,/used-cars/audi/q6-e-tron,24
audi,Q7,/used-cars/audi/q7,170
audi,Q8,/used-cars/audi/q8,49
audi,Q8 e-tron,/used-cars/audi/q8-e-tron,7
audi,R8,/used-cars/audi/r8,2
audi,RS Q3,/used-cars/audi/rs-q3,1
audi,RS3,/used-cars/audi/rs3,2
audi,RS4,/used-cars/audi/rs4,2
audi,RS5,/used-cars/audi/rs5,1
audi,RS6,/used-cars/audi/rs6,4
audi,RSQ8,/used-cars/audi/rsq8,1
audi,S1,/used-cars/audi/s1,4
audi,S3,/used-cars/audi/s3,66
audi,S4,/used-cars/audi/s4,5
audi,S5,/used-cars/audi/s5,4
audi,S6,/used-cars/audi/s6,4
audi,S7,/used-cars/audi/s7,3
audi,S8,/used-cars/audi/s8,2
audi,SQ5,/used-cars/audi/sq5,9
audi,SQ7,/used-cars/audi/sq7,3
audi,TT,/used-cars/audi/tt,29
audi,TTS,/used-cars/audi/tts,2
bmw,1 Series,/used-cars/bmw/1-series,335
bmw,2 Series,/used-cars/bmw/2-series,203
bmw,2 Series Active Tourer,/used-cars/bmw/2-series-active-tourer,19
bmw,2 Series Gran Tourer,/used-cars/bmw/2-series-gran-tourer,27
bmw,3 Series,/used-cars/bmw/3-series,661
bmw,4 Series,/used-cars/bmw/4-series,228
bmw,5 Series,/used-cars/bmw/5-series,1095
bmw,6 Series,/used-cars/bmw/6-series,60
bmw,7 Series,/used-cars/bmw/7-series,93
bmw,8 Series,/used-cars/bmw/8-series,14
bmw,i3,/used-cars/bmw/i3,18
bmw,i4,/used-cars/bmw/i4,81
bmw,i5,/used-cars/bmw/i5,42
bmw,i7,/used-cars/bmw/i7,14
bmw,i8,/used-cars/bmw/i8,7
bmw,iX,/used-cars/bmw/ix,29
bmw,iX1,/used-cars/bmw/ix1,56
bmw,iX2,/used-cars/bmw/ix2,7
bmw,iX3,/used-cars/bmw/ix3,43
bmw,M2,/used-cars/bmw/m2,9
bmw,M235i,/used-cars/bmw/m235i,1
bmw,M240i,/used-cars/bmw/m240i,1
bmw,M3,/used-cars/bmw/m3,13
bmw,M4,/used-cars/bmw/m4,11
bmw,M5,/used-cars/bmw/m5,10
bmw,M6,/used-cars/bmw/m6,1
bmw,X1,/used-cars/bmw/x1,144
bmw,X2,/used-cars/bmw/x2,21
bmw,X3,/used-cars/bmw/x3,177
bmw,X4,/used-cars/bmw/x4,25
bmw,X5,/used-cars/bmw/x5,461
bmw,X6,/used-cars/bmw/x6,16
bmw,X7,/used-cars/bmw/x7,26
bmw,XM,/used-cars/bmw/xm,10
bmw,Z3,/used-cars/bmw/z3,3
bmw,Z4,/used-cars/bmw/z4,12
bmw,Z8,/used-cars/bmw/z8,1
byd,ATTO 3,/used-cars/byd/atto-3,57
byd,Dolphin,/used-cars/byd/dolphin,24
byd,Seal,/used-cars/byd/seal,38
byd,Seal U,/used-cars/byd/seal-u,30
byd,Sealion 7,/used-cars/byd/sealion-7,15
citroen,Ami,/used-cars/citroen/ami,18
citroen,Berlingo,/used-cars/citroen/berlingo,92
citroen,Berlingo Multispace,/used-cars/citroen/berlingo-multispace,3
citroen,C1,/used-cars/citroen/c1,2
citroen,C3,/used-cars/citroen/c3,69
citroen,C3 Aircross,/used-cars/citroen/c3-aircross,23
citroen,C4,/used-cars/citroen/c4,73
citroen,C4 Cactus,/used-cars/citroen/c4-cactus,22
citroen,C4 Picasso,/used-cars/citroen/c4-picasso,19
citroen,C4 SpaceTourer,/used-cars/citroen/c4-spacetourer,9
citroen,C4X,/used-cars/citroen/c4x,2
citroen,C5,/used-cars/citroen/c5,11
citroen,C5 Aircross,/used-cars/citroen/c5-aircross,121
citroen,C5X,/used-cars/citroen/c5x,17
citroen,C6,/used-cars/citroen/c6,2
citroen,DS,/used-cars/citroen/ds,1
citroen,DS3,/used-cars/citroen/ds3,9
citroen,DS4,/used-cars/citroen/ds4,6
citroen,DS5,/used-cars/citroen/ds5,1
citroen,e-Berlingo,/used-cars/citroen/e-berlingo,3
citroen,e-C3,/used-cars/citroen/e-c3,1
citroen,E-C4,/used-cars/citroen/e-c4,27
citroen,Grand C4 Picasso,/used-cars/citroen/grand-c4-picasso,79
citroen,Grand C4 SpaceTourer,/used-cars/citroen/grand-c4-spacetourer,7
citroen,SpaceTourer,/used-cars/citroen/spacetourer,4
cupra,Ateca,/used-cars/cupra/ateca,19
cupra,Born,/used-cars/cupra/born,53
cupra,Formentor,/used-cars/cupra/formentor,179
cupra,Leon,/used-cars/cupra/leon,93
cupra,Leon Sportstourer,/used-cars/cupra/leon-sportstourer,12
cupra,Tavascan,/used-cars/cupra/tavascan,29
cupra,Terramar,/used-cars/cupra/terramar,39
dacia,Duster,/used-cars/dacia/duster,419
dacia,Jogger,/used-cars/dacia/jogger,158
dacia,Logan,/used-cars/dacia/logan,13
dacia,Sandero,/used-cars/dacia/sandero,184
dacia,Sandero Stepway,/used-cars/dacia/sandero-stepway,251
dacia,Spring,/used-cars/dacia/spring,33
fiat,124 Spider,/used-cars/fiat/124-spider,1
fiat,500,/used-cars/fiat/500,182
fiat,500 C,/used-cars/fiat/500-c,1
fiat,500e,/used-cars/fiat/500e,58
fiat,500l,/used-cars/fiat/500l,6
fiat,500X,/used-cars/fiat/500x,30
fiat,600,/used-cars/fiat/600,50
fiat,Coupe,/used-cars/fiat/coupe,2
fiat,Croma,/used-cars/fiat/croma,1
fiat,Doblo,/used-cars/fiat/doblo,28
fiat,Ducato Passenger,/used-cars/fiat/ducato-passenger,4
fiat,Fiorino,/used-cars/fiat/fiorino,2
fiat,Panda,/used-cars/fiat/panda,54
fiat,Punto,/used-cars/fiat/punto,7
fiat,Scudo,/used-cars/fiat/scudo,21
fiat,Tipo,/used-cars/fiat/tipo,34
ford,B-Max,/used-cars/ford/b-max,9
ford,C-Max,/used-cars/ford/c-max,39
ford,Capri,/used-cars/ford/capri,17
ford,Courier,/used-cars/ford/courier,3
ford,Ecosport,/used-cars/ford/ecosport,50
ford,Edge,/used-cars/ford/edge,1
ford,Escort,/used-cars/ford/escort,1
ford,Explorer,/used-cars/ford/explorer,44
ford,F150,/used-cars/ford/f150,1
ford,Fiesta,/used-cars/ford/fiesta,347
ford,Focus,/used-cars/ford/focus,725
ford,Galaxy,/used-cars/ford/galaxy,55
ford,Grand C-Max,/used-cars/ford/grand-c-max,12
ford,Ka,/used-cars/ford/ka,5
ford,Ka +,/used-cars/ford/ka--plus,7
ford,Kuga,/used-cars/ford/kuga,548
ford,Maverick,/used-cars/ford/maverick,1
ford,Mondeo,/used-cars/ford/mondeo,146
ford,Mustang,/used-cars/ford/mustang,3
ford,Mustang Mach-E,/used-cars/ford/mustang-mach-e,16
ford,Puma,/used-cars/ford/puma,391
ford,Ranger,/used-cars/ford/ranger,113
ford,S-Max,/used-cars/ford/s-max,59
ford,Sierra,/used-cars/ford/sierra,1
ford,Tourneo,/used-cars/ford/tourneo,6
ford,Tourneo Connect,/used-cars/ford/tourneo-connect,15
ford,Tourneo Custom,/used-cars/ford/tourneo-custom,11
ford,Transit Connect,/used-cars/ford/transit-connect,29
ford,Transit Courier,/used-cars/ford/transit-courier,15
ford,Transit Custom Kombi,/used-cars/ford/transit-custom-kombi,5
ford,Transit Kombi,/used-cars/ford/transit-kombi,1
ford,Transit Tourneo,/used-cars/ford/transit-tourneo,7
honda,Accord,/used-cars/honda/accord,9
honda,Civic,/used-cars/honda/civic,104
honda,CR-V,/used-cars/honda/cr-v,65
honda,CR-Z,/used-cars/honda/cr-z,3
honda,e,/used-cars/honda/e,5
honda,Fit,/used-cars/honda/fit,223
honda,Freed,/used-cars/honda/freed,20
honda,Grace,/used-cars/honda/grace,40
honda,HR-V,/used-cars/honda/hr-v,44
honda,Insight,/used-cars/honda/insight,20
honda,Jade,/used-cars/honda/jade,8
honda,Jazz,/used-cars/honda/jazz,69
honda,Legend,/used-cars/honda/legend,1
honda,N-WGN,/used-cars/honda/n-wgn,2
honda,Odyssey,/used-cars/honda/odyssey,2
honda,S2000,/used-cars/honda/s2000,2
honda,Shuttle,/used-cars/honda/shuttle,52
honda,Stepwagon,/used-cars/honda/stepwagon,3
honda,Stream,/used-cars/honda/stream,2
honda,Vezel,/used-cars/honda/vezel,75
honda,ZR-V,/used-cars/honda/zr-v,8
hyundai,Bayon,/used-cars/hyundai/bayon,80
hyundai,i10,/used-cars/hyundai/i10,160
hyundai,i20,/used-cars/hyundai/i20,237
hyundai,i30,/used-cars/hyundai/i30,218
hyundai,i40,/used-cars/hyundai/i40,68
hyundai,Inster,/used-cars/hyundai/inster,28
hyundai,Ioniq,/used-cars/hyundai/ioniq,39
hyundai,Ioniq 5,/used-cars/hyundai/ioniq-5,131
hyundai,Ioniq 6,/used-cars/hyundai/ioniq-6,57
hyundai,ix20,/used-cars/hyundai/ix20,31
hyundai,ix35,/used-cars/hyundai/ix35,51
hyundai,Kona,/used-cars/hyundai/kona,435
hyundai,Santa Fe,/used-cars/hyundai/santa-fe,208
hyundai,Sonata,/used-cars/hyundai/sonata,1
hyundai,Tucson,/used-cars/hyundai/tucson,1496
hyundai,Veloster,/used-cars/hyundai/veloster,3
jaguar,E-Pace,/used-cars/jaguar/e-pace,28
jaguar,E-Type,/used-cars/jaguar/e-type,2
jaguar,F-Pace,/used-cars/jaguar/f-pace,49
jaguar,F-Type,/used-cars/jaguar/f-type,1
jaguar,I-Pace,/used-cars/jaguar/i-pace,46
jaguar,Mark II,/used-cars/jaguar/mark-ii,1
jaguar,S-Type,/used-cars/jaguar/s-type,2
jaguar,X-Type,/used-cars/jaguar/x-type,2
jaguar,XE,/used-cars/jaguar/xe,41
jaguar,XF,/used-cars/jaguar/xf,49
jaguar,XJ,/used-cars/jaguar/xj,9
jaguar,XJ6,/used-cars/jaguar/xj6,3
jaguar,XJR,/used-cars/jaguar/xjr,4
jaguar,XJS,/used-cars/jaguar/xjs,6
jaguar,XK,/used-cars/jaguar/xk,2
jaguar,XK 8,/used-cars/jaguar/xk-8,1
jaguar,XKR,/used-cars/jaguar/xkr,6
jeep,Avenger,/used-cars/jeep/avenger,59
jeep,Cherokee,/used-cars/jeep/cherokee,4
jeep,Compass,/used-cars/jeep/compass,22
jeep,Grand Cherokee,/used-cars/jeep/grand-cherokee,7
jeep,Renegade,/used-cars/jeep/renegade,26
jeep,Wrangler,/used-cars/jeep/wrangler,1
kia,Carens,/used-cars/kia/carens,25
kia,Ceed,/used-cars/kia/ceed,194
kia,e-Niro,/used-cars/kia/e-niro,51
kia,e-Soul,/used-cars/kia/e-soul,5
kia,EV3,/used-cars/kia/ev3,57
kia,EV6,/used-cars/kia/ev6,78
kia,EV9,/used-cars/kia/ev9,51
kia,Niro,/used-cars/kia/niro,211
kia,Optima,/used-cars/kia/optima,37
kia,Picanto,/used-cars/kia/picanto,108
kia,pro_ceed,/used-cars/kia/pro-ceed,20
kia,Rio,/used-cars/kia/rio,73
kia,Sorento,/used-cars/kia/sorento,182
kia,Soul,/used-cars/kia/soul,21
kia,Sportage,/used-cars/kia/sportage,842
kia,Stinger,/used-cars/kia/stinger,2
kia,Stonic,/used-cars/kia/stonic,154
kia,Venga,/used-cars/kia/venga,18
kia,XCeed,/used-cars/kia/xceed,74
land-rover,Defender,/used-cars/land-rover/defender,103
land-rover,Discovery,/used-cars/land-rover/discovery,142
land-rover,Discovery Sport,/used-cars/land-rover/discovery-sport,142
land-rover,Freelander,/used-cars/land-rover/freelander,3
land-rover,Range Rover,/used-cars/land-rover/range-rover,116
land-rover,Range Rover Evoque,/used-cars/land-rover/range-rover-evoque,161
land-rover,Range Rover Sport,/used-cars/land-rover/range-rover-sport,281
land-rover,Range Rover Velar,/used-cars/land-rover/range-rover-velar,58
lexus,CT 200 h,/used-cars/lexus/ct-200-h,35
lexus,ES 300 H,/used-cars/lexus/es-300-h,28
lexus,GS 300,/used-cars/lexus/gs-300,2
lexus,GS 300 H,/used-cars/lexus/gs-300-h,5
lexus,GS 450 h,/used-cars/lexus/gs-450-h,2
lexus,HS 250H,/used-cars/lexus/hs-250h,4
lexus,IS 200,/used-cars/lexus/is-200,2
lexus,IS 220 D,/used-cars/lexus/is-220-d,1
lexus,IS 250,/used-cars/lexus/is-250,1
lexus,IS 300 h,/used-cars/lexus/is-300-h,32
lexus,LBX,/used-cars/lexus/lbx,3
lexus,LS 500 H,/used-cars/lexus/ls-500-h,1
lexus,LS 600 H,/used-cars/lexus/ls-600-h,2
lexus,NX 300 h,/used-cars/lexus/nx-300-h,27
lexus,NX 350h,/used-cars/lexus/nx-350h,2
lexus,NX 450 h+,/used-cars/lexus/nx-450-h-plus,22
lexus,RC 300 h,/used-cars/lexus/rc-300-h,1
lexus,RX 400 h,/used-cars/lexus/rx-400-h,1
lexus,RX 450 h,/used-cars/lexus/rx-450-h,25
lexus,RX 450h+,/used-cars/lexus/rx-450h-plus,6
lexus,RX 450hL,/used-cars/lexus/rx-450hl,3
lexus,RZ,/used-cars/lexus/rz,1
lexus,SC 430,/used-cars/lexus/sc-430,1
lexus,UX 250 H,/used-cars/lexus/ux-250-h,12
lexus,UX 300 e,/used-cars/lexus/ux-300-e,3
lexus,UX 300h,/used-cars/lexus/ux-300h,1
mazda,CX-3,/used-cars/mazda/cx-3,14
mazda,CX-30,/used-cars/mazda/cx-30,115
mazda,CX-5,/used-cars/mazda/cx-5,218
mazda,CX-60,/used-cars/mazda/cx-60,69
mazda,CX-80,/used-cars/mazda/cx-80,28
mazda,Demio,/used-cars/mazda/demio,78
mazda,Mazda2,/used-cars/mazda/mazda2,107
mazda,Mazda3,/used-cars/mazda/mazda3,100
mazda,Mazda5,/used-cars/mazda/mazda5,2
mazda,Mazda6,/used-cars/mazda/mazda6,68
mazda,MX-30,/used-cars/mazda/mx-30,23
mazda,MX-5,/used-cars/mazda/mx-5,27
mazda,Premacy,/used-cars/mazda/premacy,1
mercedes-benz,180,/used-cars/mercedes-benz/180,2
mercedes-benz,190,/used-cars/mercedes-benz/190,2
mercedes-benz,200,/used-cars/mercedes-benz/200,1
mercedes-benz,220,/used-cars/mercedes-benz/220,4
mercedes-benz,230,/used-cars/mercedes-benz/230,2
mercedes-benz,250,/used-cars/mercedes-benz/250,1
mercedes-benz,280,/used-cars/mercedes-benz/280,3
mercedes-benz,300,/used-cars/mercedes-benz/300,1
mercedes-benz,300 SL,/used-cars/mercedes-benz/300-sl,1
mercedes-benz,400,/used-cars/mercedes-benz/400,1
mercedes-benz,600,/used-cars/mercedes-benz/600,1
mercedes-benz,A Class,/used-cars/mercedes-benz/a-class,451
mercedes-benz,AMG,/used-cars/mercedes-benz/amg,8
mercedes-benz,B Class,/used-cars/mercedes-benz/b-class,78
mercedes-benz,C Class,/used-cars/mercedes-benz/c-class,382
mercedes-benz,Citan,/used-cars/mercedes-benz/citan,5
mercedes-benz,CL Class,/used-cars/mercedes-benz/cl-class,16
mercedes-benz,CLA Class,/used-cars/mercedes-benz/cla-class,332
mercedes-benz,CLC Class,/used-cars/mercedes-benz/clc-class,1
mercedes-benz,CLE,/used-cars/mercedes-benz/cle,36
mercedes-benz,CLK Class,/used-cars/mercedes-benz/clk-class,4
mercedes-benz,CLS Class,/used-cars/mercedes-benz/cls-class,43
mercedes-benz,E Class,/used-cars/mercedes-benz/e-class,576
mercedes-benz,EQA,/used-cars/mercedes-benz/eqa,40
mercedes-benz,EQB,/used-cars/mercedes-benz/eqb,23
mercedes-benz,EQC,/used-cars/mercedes-benz/eqc,35
mercedes-benz,EQE,/used-cars/mercedes-benz/eqe,34
mercedes-benz,EQS,/used-cars/mercedes-benz/eqs,24
mercedes-benz,EQV,/used-cars/mercedes-benz/eqv,8
mercedes-benz,G Class,/used-cars/mercedes-benz/g-class,8
mercedes-benz,GL Class,/used-cars/mercedes-benz/gl-class,6
mercedes-benz,GLA Class,/used-cars/mercedes-benz/gla-class,203
mercedes-benz,GLB,/used-cars/mercedes-benz/glb,107
mercedes-benz,GLC Class,/used-cars/mercedes-benz/glc-class,217
mercedes-benz,GLE Class,/used-cars/mercedes-benz/gle-class,110
mercedes-benz,GLS,/used-cars/mercedes-benz/gls,4
mercedes-benz,M Class,/used-cars/mercedes-benz/m-class,8
mercedes-benz,S Class,/used-cars/mercedes-benz/s-class,82
mercedes-benz,SL Class,/used-cars/mercedes-benz/sl-class,22
mercedes-benz,SLC,/used-cars/mercedes-benz/slc,2
mercedes-benz,SLK Class,/used-cars/mercedes-benz/slk-class,8
mercedes-benz,Sprinter Traveliner,/used-cars/mercedes-benz/sprinter-traveliner,2
mercedes-benz,T Class,/used-cars/mercedes-benz/t-class,5
mercedes-benz,V Class,/used-cars/mercedes-benz/v-class,16
mercedes-benz,Viano,/used-cars/mercedes-benz/viano,1
mercedes-benz,Vito Combi,/used-cars/mercedes-benz/vito-combi,2
mercedes-benz,X Class,/used-cars/mercedes-benz/x-class,5
mg,4,/used-cars/mg/4,49
mg,5,/used-cars/mg/5,11
mg,Bgt,/used-cars/mg/bgt,1
mg,Cyberster,/used-cars/mg/cyberster,5
mg,GS,/used-cars/mg/gs,1
mg,HS,/used-cars/mg/hs,41
mg,MG3,/used-cars/mg/mg3,20
mg,MG4 EV,/used-cars/mg/mg4-ev,3
mg,MGB,/used-cars/mg/mgb,1
mg,MGF,/used-cars/mg/mgf,1
mg,ZS,/used-cars/mg/zs,52
mini,Clubman,/used-cars/mini/clubman,13
mini,Convertible,/used-cars/mini/convertible,11
mini,Cooper,/used-cars/mini/cooper,44
mini,Cooper D,/used-cars/mini/cooper-d,11
mini,Cooper S,/used-cars/mini/cooper-s,11
mini,Countryman,/used-cars/mini/countryman,78
mini,Coupe,/used-cars/mini/coupe,1
mini,Hatch,/used-cars/mini/hatch,273
mini,John Cooper Works,/used-cars/mini/john-cooper-works,1
mini,One,/used-cars/mini/one,8
mini,Paceman,/used-cars/mini/paceman,2
mitsubishi,ASX,/used-cars/mitsubishi/asx,15
mitsubishi,Colt,/used-cars/mitsubishi/colt,1
mitsubishi,Eclipse,/used-cars/mitsubishi/eclipse,1
mitsubishi,Eclipse Cross,/used-cars/mitsubishi/eclipse-cross,13
mitsubishi,L200,/used-cars/mitsubishi/l200,10
mitsubishi,Lancer,/used-cars/mitsubishi/lancer,1
mitsubishi,Mirage,/used-cars/mitsubishi/mirage,64
mitsubishi,Outlander,/used-cars/mitsubishi/outlander,90
mitsubishi,Pajero,/used-cars/mitsubishi/pajero,4
mitsubishi,Space Star,/used-cars/mitsubishi/space-star,19
nissan,300 ZX,/used-cars/nissan/300-zx,3
nissan,Ariya,/used-cars/nissan/ariya,52
nissan,Clipper,/used-cars/nissan/clipper,1
nissan,Cube,/used-cars/nissan/cube,1
nissan,Juke,/used-cars/nissan/juke,567
nissan,Latio,/used-cars/nissan/latio,1
nissan,Leaf,/used-cars/nissan/leaf,130
nissan,March,/used-cars/nissan/march,62
nissan,Micra,/used-cars/nissan/micra,215
nissan,Navara,/used-cars/nissan/navara,24
nissan,Note,/used-cars/nissan/note,174
nissan,NV200,/used-cars/nissan/nv200,4
nissan,NV300 Combi,/used-cars/nissan/nv300-combi,1
nissan,Patrol,/used-cars/nissan/patrol,1
nissan,Pixo,/used-cars/nissan/pixo,1
nissan,Pulsar,/used-cars/nissan/pulsar,38
nissan,Qashqai,/used-cars/nissan/qashqai,1134
nissan,Qashqai +2,/used-cars/nissan/qashqai--plus2,12
nissan,Serena,/used-cars/nissan/serena,25
nissan,Tiida,/used-cars/nissan/tiida,2
nissan,Townstar,/used-cars/nissan/townstar,3
nissan,X-Trail,/used-cars/nissan/x-trail,247
nissan,X-Trail Van,/used-cars/nissan/x-trail-van,1
opel,Adam,/used-cars/opel/adam,11
opel,Agila,/used-cars/opel/agila,1
opel,Astra,/used-cars/opel/astra,245
opel,Combo,/used-cars/opel/combo,57
opel,Corsa,/used-cars/opel/corsa,304
opel,Crossland,/used-cars/opel/crossland,39
opel,Crossland X,/used-cars/opel/crossland-x,113
opel,Grandland,/used-cars/opel/grandland,80
opel,Grandland X,/used-cars/opel/grandland-x,121
opel,Insignia,/used-cars/opel/insignia,103
opel,Kadett,/used-cars/opel/kadett,1
opel,Karl,/used-cars/opel/karl,3
opel,Meriva,/used-cars/opel/meriva,3
opel,Mokka,/used-cars/opel/mokka,251
opel,Vivaro Bus,/used-cars/opel/vivaro-bus,2
opel,Zafira,/used-cars/opel/zafira,13
opel,Zafira Tourer,/used-cars/opel/zafira-tourer,4
peugeot,108,/used-cars/peugeot/108,9
peugeot,2008,/used-cars/peugeot/2008,380
peugeot,207,/used-cars/peugeot/207,8
peugeot,208,/used-cars/peugeot/208,192
peugeot,3008,/used-cars/peugeot/3008,566
peugeot,308,/used-cars/peugeot/308,110
peugeot,408,/used-cars/peugeot/408,46
peugeot,5008,/used-cars/peugeot/5008,349
peugeot,508,/used-cars/peugeot/508,92
peugeot,Expert,/used-cars/peugeot/expert,45
peugeot,Partner,/used-cars/peugeot/partner,111
peugeot,Partner Tepee,/used-cars/peugeot/partner-tepee,4
peugeot,RCZ,/used-cars/peugeot/rcz,3
peugeot,Rifter,/used-cars/peugeot/rifter,11
peugeot,Traveller,/used-cars/peugeot/traveller,1
porsche,911,/used-cars/porsche/911,32
porsche,911 GT3,/used-cars/porsche/911-gt3,1
porsche,928,/used-cars/porsche/928,1
porsche,Boxster,/used-cars/porsche/boxster,7
porsche,Cayenne,/used-cars/porsche/cayenne,54
porsche,Cayman,/used-cars/porsche/cayman,6
porsche,Macan,/used-cars/porsche/macan,27
porsche,Panamera,/used-cars/porsche/panamera,49
porsche,Taycan,/used-cars/porsche/taycan,40
renault,5,/used-cars/renault/5,14
renault,5 E-Tech,/used-cars/renault/5-e-tech,15
renault,Arkana,/used-cars/renault/arkana,422
renault,Austral,/used-cars/renault/austral,88
renault,Captur,/used-cars/renault/captur,422
renault,Clio,/used-cars/renault/clio,352
renault,Fluence,/used-cars/renault/fluence,33
renault,Grand Megane,/used-cars/renault/grand-megane,3
renault,Grand Modus,/used-cars/renault/grand-modus,1
renault,Grand Scenic,/used-cars/renault/grand-scenic,45
renault,Kadjar,/used-cars/renault/kadjar,177
renault,Kangoo,/used-cars/renault/kangoo,150
renault,Koleos,/used-cars/renault/koleos,31
renault,Megane,/used-cars/renault/megane,169
renault,Megane E-Tech,/used-cars/renault/megane-e-tech,44
renault,Rafale,/used-cars/renault/rafale,36
renault,Scenic,/used-cars/renault/scenic,40
renault,SCENIC E-TECH,/used-cars/renault/scenic-e-tech,25
renault,Symbioz,/used-cars/renault/symbioz,77
renault,Trafic Passenger,/used-cars/renault/trafic-passenger,6
renault,Twingo,/used-cars/renault/twingo,7
renault,Zoe,/used-cars/renault/zoe,74
seat,Alhambra,/used-cars/seat/alhambra,20
seat,Arona,/used-cars/seat/arona,248
seat,Ateca,/used-cars/seat/ateca,226
seat,Ibiza,/used-cars/seat/ibiza,184
seat,Leon,/used-cars/seat/leon,159
seat,LEON SPORTSTOURER,/used-cars/seat/leon-sportstourer,1
seat,Mii,/used-cars/seat/mii,3
seat,Tarraco,/used-cars/seat/tarraco,79
seat,Toledo,/used-cars/seat/toledo,3
skoda,Citigo,/used-cars/skoda/citigo,12
skoda,Elroq,/used-cars/skoda/elroq,40
skoda,Enyaq,/used-cars/skoda/enyaq,104
skoda,Enyaq iV,/used-cars/skoda/enyaq-iv,1
skoda,Fabia,/used-cars/skoda/fabia,197
skoda,Kamiq,/used-cars/skoda/kamiq,168
skoda,Karoq,/used-cars/skoda/karoq,207
skoda,Kodiaq,/used-cars/skoda/kodiaq,381
skoda,Octavia,/used-cars/skoda/octavia,575
skoda,Rapid,/used-cars/skoda/rapid,21
skoda,Scala,/used-cars/skoda/scala,132
skoda,Superb,/used-cars/skoda/superb,347
skoda,Yeti,/used-cars/skoda/yeti,2
suzuki,Alto,/used-cars/suzuki/alto,5
suzuki,Baleno,/used-cars/suzuki/baleno,3
suzuki,Carry Kai,/used-cars/suzuki/carry-kai,1
suzuki,Celerio,/used-cars/suzuki/celerio,3
suzuki,Ignis,/used-cars/suzuki/ignis,34
suzuki,Jimny,/used-cars/suzuki/jimny,4
suzuki,S-CROSS,/used-cars/suzuki/s-cross,6
suzuki,Splash,/used-cars/suzuki/splash,1
suzuki,Swace,/used-cars/suzuki/swace,21
suzuki,Swift,/used-cars/suzuki/swift,184
suzuki,SX4,/used-cars/suzuki/sx4,13
suzuki,SX4 S-Cross,/used-cars/suzuki/sx4-s-cross,61
suzuki,Vitara,/used-cars/suzuki/vitara,194
tesla,Model 3,/used-cars/tesla/model-3,73
tesla,Model S,/used-cars/tesla/model-s,16
tesla,Model X,/used-cars/tesla/model-x,7
tesla,Model Y,/used-cars/tesla/model-y,43
toyota,Alphard,/used-cars/toyota/alphard,3
toyota,Aqua,/used-cars/toyota/aqua,78
toyota,Auris,/used-cars/toyota/auris,144
toyota,Auris Van,/used-cars/toyota/auris-van,3
toyota,Avensis,/used-cars/toyota/avensis,64
toyota,Aygo,/used-cars/toyota/aygo,36
toyota,Aygo X,/used-cars/toyota/aygo-x,43
toyota,bZ4X,/used-cars/toyota/bz4x,50
toyota,C-HR,/used-cars/toyota/c-hr,717
toyota,Camry,/used-cars/toyota/camry,111
toyota,Celsior,/used-cars/toyota/celsior,1
toyota,Century,/used-cars/toyota/century,1
toyota,Corolla,/used-cars/toyota/corolla,871
toyota,Corolla Cross,/used-cars/toyota/corolla-cross,46
toyota,Crown,/used-cars/toyota/crown,1
toyota,Dyna,/used-cars/toyota/dyna,2
toyota,Estima,/used-cars/toyota/estima,9
toyota,GT86,/used-cars/toyota/gt86,3
toyota,Harrier,/used-cars/toyota/harrier,1
toyota,Highlander,/used-cars/toyota/highlander,11
toyota,Hilux,/used-cars/toyota/hilux,57
toyota,Landcruiser,/used-cars/toyota/landcruiser,46
toyota,Levin,/used-cars/toyota/levin,1
toyota,Noah,/used-cars/toyota/noah,1
toyota,Paseo,/used-cars/toyota/paseo,1
toyota,Passo,/used-cars/toyota/passo,4
toyota,Prius,/used-cars/toyota/prius,159
toyota,Prius Alpha,/used-cars/toyota/prius-alpha,27
toyota,Prius+,/used-cars/toyota/prius-plus,15
toyota,Proace Verso,/used-cars/toyota/proace-verso,3
toyota,Rav4,/used-cars/toyota/rav4,357
toyota,Sienta,/used-cars/toyota/sienta,13
toyota,Starlet,/used-cars/toyota/starlet,1
toyota,Vellfire,/used-cars/toyota/vellfire,3
toyota,Verso,/used-cars/toyota/verso,15
toyota,Verso-S,/used-cars/toyota/verso-s,2
toyota,Vitz,/used-cars/toyota/vitz,57
toyota,Yaris,/used-cars/toyota/yaris,627
toyota,Yaris Cross,/used-cars/toyota/yaris-cross,178
volkswagen,Amarok,/used-cars/volkswagen/amarok,48
volkswagen,Arteon,/used-cars/volkswagen/arteon,112
volkswagen,Beetle,/used-cars/volkswagen/beetle,75
volkswagen,Caddy,/used-cars/volkswagen/caddy,163
volkswagen,Caddy Maxi,/used-cars/volkswagen/caddy-maxi,15
volkswagen,Caddy Maxi Life,/used-cars/volkswagen/caddy-maxi-life,19
volkswagen,California,/used-cars/volkswagen/california,2
volkswagen,Caravelle,/used-cars/volkswagen/caravelle,2
volkswagen,CC,/used-cars/volkswagen/cc,33
volkswagen,E-Golf,/used-cars/volkswagen/e-golf,6
volkswagen,e-up!,/used-cars/volkswagen/e-up,10
volkswagen,Golf,/used-cars/volkswagen/golf,1598
volkswagen,Golf Plus,/used-cars/volkswagen/golf-plus,4
volkswagen,Golf SV,/used-cars/volkswagen/golf-sv,3
volkswagen,ID.3,/used-cars/volkswagen/id-3,189
volkswagen,ID.4,/used-cars/volkswagen/id-4,208
volkswagen,ID.5,/used-cars/volkswagen/id-5,50
volkswagen,ID.7,/used-cars/volkswagen/id-7,88
volkswagen,ID.Buzz,/used-cars/volkswagen/id-buzz,23
volkswagen,Jetta,/used-cars/volkswagen/jetta,29
volkswagen,Multivan,/used-cars/volkswagen/multivan,18
volkswagen,Passat,/used-cars/volkswagen/passat,386
volkswagen,Passat CC,/used-cars/volkswagen/passat-cc,6
volkswagen,Polo,/used-cars/volkswagen/polo,888
volkswagen,Scirocco,/used-cars/volkswagen/scirocco,22
volkswagen,Sharan,/used-cars/volkswagen/sharan,35
volkswagen,T-Cross,/used-cars/volkswagen/t-cross,223
volkswagen,T-Roc,/used-cars/volkswagen/t-roc,399
volkswagen,Taigo,/used-cars/volkswagen/taigo,135
volkswagen,Tayron,/used-cars/volkswagen/tayron,47
volkswagen,Tiguan,/used-cars/volkswagen/tiguan,586
volkswagen,Tiguan Allspace,/used-cars/volkswagen/tiguan-allspace,114
volkswagen,Touareg,/used-cars/volkswagen/touareg,79
volkswagen,Touran,/used-cars/volkswagen/touran,106
volkswagen,Transporter Kombi,/used-cars/volkswagen/transporter-kombi,7
volkswagen,up!,/used-cars/volkswagen/up,95
volvo,C30,/used-cars/volvo/c30,3
volvo,C40,/used-cars/volvo/c40,21
volvo,EC40,/used-cars/volvo/ec40,3
volvo,EX30,/used-cars/volvo/ex30,42
volvo,EX40,/used-cars/volvo/ex40,6
volvo,EX90,/used-cars/volvo/ex90,21
volvo,S40,/used-cars/volvo/s40,7
volvo,S60,/used-cars/volvo/s60,31
volvo,S80,/used-cars/volvo/s80,4
volvo,S90,/used-cars/volvo/s90,22
volvo,V40,/used-cars/volvo/v40,109
volvo,V40 Cross Country,/used-cars/volvo/v40-cross-country,1
volvo,V50,/used-cars/volvo/v50,2
volvo,V60,/used-cars/volvo/v60,45
volvo,V60 CROSS COUNTRY,/used-cars/volvo/v60-cross-country,2
volvo,V70,/used-cars/volvo/v70,1
volvo,V90,/used-cars/volvo/v90,12
volvo,XC40,/used-cars/volvo/xc40,120
volvo,XC60,/used-cars/volvo/xc60,223
volvo,XC90,/used-cars/volvo/xc90,197
